RCS0001	Add blank line after embedded statement
RCS0002	Add blank line after #region
RCS0003	Add blank line after using directive list
RCS0005	Add blank line before #endregion
RCS0006	Add blank line before using directive list
RCS0007	Add blank line between accessors
RCS0008	Add blank line between closing brace and next statement
RCS0009	Add blank line between declaration and documentation comment
RCS0010	Add blank line between declarations
RCS0011	Add/remove blank line between single-line accessors
RCS0012	Add blank line between single-line declarations
RCS0013	Add blank line between single-line declarations of different kind
RCS0015	Add/remove blank line between using directives
RCS0016	Put attribute list on its own line
RCS0020	Format accessor's braces on a single line or multiple lines
RCS0021	Format block's braces on a single line or multiple lines
RCS0023	Format type declaration's braces
RCS0024	Add new line after switch label
RCS0025	Put full accessor on its own line
RCS0027	Place new line after/before binary operator
RCS0028	Place new line after/before '?:' operator
RCS0029	Put constructor initializer on its own line
RCS0030	Put embedded statement on its own line
RCS0031	Put enum member on its own line
RCS0032	Place new line after/before arrow token
RCS0033	Put statement on its own line
RCS0034	Put type parameter constraint on its own line
RCS0036	Remove blank line between single-line declarations of same kind
RCS0039	Remove new line before base list
RCS0041	Remove new line between 'if' keyword and 'else' keyword
RCS0042	Put auto-accessors on a single line
RCS0044	Use carriage return + linefeed as new line
RCS0045	Use linefeed as new line
RCS0046	Use spaces instead of tab
RCS0048	Put initializer on a single line
RCS0049	Add blank line after top comment
RCS0050	Add blank line before top declaration
RCS0051	Add/remove new line before 'while' in 'do' statement
RCS0052	Place new line after/before equals token
RCS0053	Fix formatting of a list
RCS0054	Fix formatting of a call chain
RCS0055	Fix formatting of a binary expression chain
RCS0056	A line is too long
RCS0057	Normalize whitespace at the beginning of a file
RCS0058	Normalize whitespace at the end of a file
RCS0059	Place new line after/before null-conditional operator
RCS0060	Add/remove line after file scoped namespace declaration
RCS0061	Add/remove blank line between switch sections
RCS0062	Put expression body on its own line
RCS0063	Remove unnecessary blank line
RCS1001	Add braces (when expression spans over multiple lines)
RCS1002	Remove braces
RCS1003	Add braces to if-else (when expression spans over multiple lines)
RCS1004	Remove braces from if-else
RCS1005	Simplify nested using statement
RCS1006	Merge 'else' with nested 'if'
RCS1007	Add braces
RCS1013	Use predefined type
RCS1014	Use explicitly/implicitly typed array
RCS1015	Use nameof operator
RCS1016	Use block body or expression body
RCS1018	Add/remove accessibility modifiers
RCS1019	Order modifiers
RCS1020	Simplify Nullable<T> to T?
RCS1021	Convert lambda expression body to expression body
RCS1031	Remove unnecessary braces in switch section
RCS1032	Remove redundant parentheses
RCS1033	Remove redundant boolean literal
RCS1034	Remove redundant 'sealed' modifier
RCS1037	Remove trailing white-space
RCS1039	Remove argument list from attribute
RCS1042	Remove enum default underlying type
RCS1043	Remove 'partial' modifier from type with a single part
RCS1044	Remove original exception from throw statement
RCS1046	Asynchronous method name should end with 'Async'
RCS1047	Non-asynchronous method name should not end with 'Async'
RCS1048	Use lambda expression instead of anonymous method
RCS1049	Simplify boolean comparison
RCS1050	Include/omit parentheses when creating new object
RCS1051	Add/remove parentheses from condition in conditional operator
RCS1052	Declare each attribute separately
RCS1055	Unnecessary semicolon at the end of declaration
RCS1056	Avoid usage of using alias directive
RCS1058	Use compound assignment
RCS1059	Avoid locking on publicly accessible instance
RCS1060	Declare each type in separate file
RCS1061	Merge 'if' with nested 'if'
RCS1068	Simplify logical negation
RCS1069	Remove unnecessary case label
RCS1070	Remove redundant default switch section
RCS1071	Remove redundant base constructor call
RCS1073	Convert 'if' to 'return' statement
RCS1074	Remove redundant constructor
RCS1075	Avoid empty catch clause that catches System.Exception
RCS1077	Optimize LINQ method call
RCS1078	Use "" or 'string.Empty'
RCS1079	Throwing of new NotImplementedException
RCS1080	Use 'Count/Length' property instead of 'Any' method
RCS1081	Split variable declaration
RCS1084	Use coalesce expression instead of conditional expression
RCS1085	Use auto-implemented property
RCS1089	Use --/++ operator instead of assignment
RCS1090	Add/remove 'ConfigureAwait(false)' call
RCS1093	File contains no code
RCS1094	Declare using directive on top level
RCS1096	Use 'HasFlag' method or bitwise operator
RCS1097	Remove redundant 'ToString' call
RCS1098	Constant values should be placed on right side of comparisons
RCS1099	Default label should be the last label in a switch section
RCS1102	Make class static
RCS1103	Convert 'if' to assignment
RCS1104	Simplify conditional expression
RCS1105	Unnecessary interpolation
RCS1107	Remove redundant 'ToCharArray' call
RCS1108	Add 'static' modifier to all partial class declarations
RCS1110	Declare type inside namespace
RCS1111	Add braces to switch section with multiple statements
RCS1112	Combine 'Enumerable.Where' method chain
RCS1113	Use 'string.IsNullOrEmpty' method
RCS1114	Remove redundant delegate creation
RCS1118	Mark local variable as const
RCS1123	Add parentheses when necessary
RCS1124	Inline local variable
RCS1126	Add braces to if-else
RCS1128	Use coalesce expression
RCS1129	Remove redundant field initialization
RCS1130	Bitwise operation on enum without Flags attribute
RCS1132	Remove redundant overriding member
RCS1133	Remove redundant Dispose/Close call
RCS1134	Remove redundant statement
RCS1135	Declare enum member with zero value (when enum has FlagsAttribute)
RCS1136	Merge switch sections with equivalent content
RCS1138	Add summary to documentation comment
RCS1139	Add summary element to documentation comment
RCS1140	Add exception to documentation comment
RCS1141	Add 'param' element to documentation comment
RCS1142	Add 'typeparam' element to documentation comment
RCS1143	Simplify coalesce expression
RCS1145	Remove redundant 'as' operator
RCS1146	Use conditional access
RCS1151	Remove redundant cast
RCS1154	Sort enum members
RCS1155	Use StringComparison when comparing strings
RCS1156	Use string.Length instead of comparison with empty string
RCS1157	Composite enum value contains undefined flag
RCS1158	Static member in generic type should use a type parameter
RCS1159	Use EventHandler<T>
RCS1160	Abstract type should not have public constructors
RCS1161	Enum should declare explicit values
RCS1162	Avoid chain of assignments
RCS1163	Unused parameter
RCS1164	Unused type parameter
RCS1165	Unconstrained type parameter checked for null
RCS1166	Value type object is never equal to null
RCS1168	Parameter name differs from base name
RCS1169	Make field read-only
RCS1170	Use read-only auto-implemented property
RCS1171	Simplify lazy initialization
RCS1172	Use 'is' operator instead of 'as' operator
RCS1173	Use coalesce expression instead of 'if'
RCS1174	Remove redundant async/await
RCS1175	Unused 'this' parameter
RCS1179	Unnecessary assignment
RCS1180	Inline lazy initialization
RCS1181	Convert comment to documentation comment
RCS1182	Remove redundant base interface
RCS1186	Use Regex instance instead of static method
RCS1187	Use constant instead of field
RCS1188	Remove redundant auto-property initialization
RCS1189	Add or remove region name
RCS1190	Join string expressions
RCS1191	Declare enum value as combination of names
RCS1192	Unnecessary usage of verbatim string literal
RCS1193	Overriding member should not change 'params' modifier
RCS1194	Implement exception constructors
RCS1195	Use ^ operator
RCS1196	Call extension method as instance method
RCS1197	Optimize StringBuilder.Append/AppendLine call
RCS1198	Avoid unnecessary boxing of value type
RCS1199	Unnecessary null check
RCS1200	Call 'Enumerable.ThenBy' instead of 'Enumerable.OrderBy'
RCS1201	Use method chaining
RCS1202	Avoid NullReferenceException
RCS1203	Use AttributeUsageAttribute
RCS1204	Use EventArgs.Empty
RCS1205	Order named arguments according to the order of parameters
RCS1206	Use conditional access instead of conditional expression
RCS1207	Use anonymous function or method group
RCS1208	Reduce 'if' nesting
RCS1209	Order type parameter constraints
RCS1210	Return completed task instead of returning null
RCS1211	Remove unnecessary 'else'
RCS1212	Remove redundant assignment
RCS1213	Remove unused member declaration
RCS1214	Unnecessary interpolated string
RCS1215	Expression is always equal to true/false
RCS1216	Unnecessary unsafe context
RCS1217	Convert interpolated string to concatenation
RCS1218	Simplify code branching
RCS1220	Use pattern matching instead of combination of 'is' operator and cast operator
RCS1221	Use pattern matching instead of combination of 'as' operator and null check
RCS1222	Merge preprocessor directives
RCS1223	Mark publicly visible type with DebuggerDisplay attribute
RCS1224	Make method an extension method
RCS1225	Make class sealed
RCS1226	Add paragraph to documentation comment
RCS1227	Validate arguments correctly
RCS1228	Unused element in a documentation comment
RCS1229	Use async/await when necessary
RCS1230	Unnecessary explicit use of enumerator
RCS1231	Make parameter ref read-only
RCS1232	Order elements in documentation comment
RCS1233	Use short-circuiting operator
RCS1234	Duplicate enum value
RCS1235	Optimize method call
RCS1236	Use exception filter
RCS1238	Avoid nested ?: operators
RCS1239	Use 'for' statement instead of 'while' statement
RCS1240	Operator is unnecessary
RCS1241	Implement non-generic counterpart
RCS1242	Do not pass non-read-only struct by read-only reference
RCS1243	Duplicate word in a comment
RCS1244	Simplify 'default' expression
RCS1246	Use element access
RCS1247	Fix documentation comment tag
RCS1248	Normalize null check
RCS1249	Unnecessary null-forgiving operator
RCS1250	Use implicit/explicit object creation
RCS1251	Remove unnecessary braces from record declaration
RCS1252	Normalize usage of infinite loop
RCS1253	Format documentation comment summary
RCS1254	Normalize format of enum flag value
RCS1255	Simplify argument null check
RCS1256	Invalid argument null check
RCS1257	Use enum field explicitly
RCS1258	Unnecessary enum flag
RCS1259	Remove empty syntax
RCS1260	Add/remove trailing comma
RCS1261	Resource can be disposed asynchronously
RCS1262	Unnecessary raw string literal
RCS1263	Invalid reference in a documentation comment
RCS1264	Use 'var' or explicit type
RCS1265	Remove redundant catch block
RCS1266	Use raw string literal
RCS1267	Use string interpolation instead of 'string.Concat'
RCS1268	Simplify numeric comparison
RCS9001	Use pattern matching
RCS9002	Use property SyntaxNode.SpanStart
RCS9003	Unnecessary conditional access
RCS9004	Call 'Any' instead of accessing 'Count'
RCS9005	Unnecessary null check
RCS9006	Use element access
RCS9007	Use return value
RCS9008	Call 'Last' instead of using []
RCS9009	Unknown language name
RCS9010	Specify ExportCodeRefactoringProviderAttribute.Name
RCS9011	Specify ExportCodeFixProviderAttribute.Name
